{
    "CHECKING_DATA"                         : "Daten prüfen...",
    "PREPARING_PAYMENT"                     : "Zahlung vorbereiten...",
    "SENDING_PAYMENT"                       : "Zahlung senden...",
    "LOADING_CONFIGURATION"                 : "Konfiguration laden...",
    "REMOVING_VAULT"                        : "Lösche Zahlinfo...",

    "PAY_NOW"                               : "JETZT BEZAHLEN",
    "CANCEL"                                : "ABBRECHEN",
    "OK"                                    : "OK",
    "THANK_YOU"                             : "Vielen Dank!",
    "OOPS"                                  : "Hinweis",
    "NOTHING_TO_PAY"                        : "Derzeit ist keine Bezahlung erforderlich.",
    "PAYMENT_RECEIVED"                      : "Ihre Zahlung ist eingegangen.<br/>Wir wünschen einen schönen Tag!",
    "NO_NETWORK"                            : "Es besteht momentan keine Verbindung zum Internet",
    "TRY_AGAIN_LATER"                       : "Es ist ein Fehler aufgetreten. Bitte versuchen Sie es später erneut.",

    "LABEL_PARKING_DURATION"                : "Ihre Parkdauer",
    "LABEL_AMOUNT_DUE"                      : "Ihre Parkkosten belaufen sich auf",
    
    "FMT_DAYS"                              : "Tage",
    "FMT_HOURS"                             : "h"
}
