{
    "CHECKING_DATA"                         : "Checking data...",
    "PREPARING_PAYMENT"                     : "Preparing payment...",
    "SENDING_PAYMENT"                       : "Sending payment...",
    "LOADING_CONFIGURATION"                 : "Load configuration...",
    "REMOVING_VAULT"                        : "Removing stored info...",
    
    "PAY_NOW"                               : "PAY NOW",
    "CANCEL"                                : "CANCEL",
    "OK"                                    : "OK",
    "THANK_YOU"                             : "Thanks a lot!",
    "OOPS"                                  : "Note",
    "NOTHING_TO_PAY"                        : "No payment required.",
    "PAYMENT_RECEIVED"                      : "Your payment has been received.<br/>Have a nice day!",
    "NO_NETWORK"                            : "Internet connection seems to be unavailable",
    "TRY_AGAIN_LATER"                       : "An error has occurred. Try again later",
    
    "LABEL_PARKING_DURATION"                : "Parking Duration",
    "LABEL_AMOUNT_DUE"                      : "Your parking fee is",
    
    "FMT_DAYS"                              : "days",
    "FMT_HOURS"                             : "h",
    
    "MEDIUM_NOT_FOUND"                      : "Identification Medium not found",
    "BARCODE_NOT_FOUND"                     : "Barcode not found",
    "LPN_NOT_FOUND"                         : "License Plate not found",
    "MOBILE_ID_NOT_FOUND"                   : "Mobile ID not found",
    "TRANSACTION_DECLINED_3RD_PARTY"        : "Payment failed. Please try again later."
}
