{
    "CHECKING_DATA"                         : "Перевірка даних ...",
    "PREPARING_PAYMENT"                     : "Підготовка платежу ...",
    "SENDING_PAYMENT"                       : "Відправлення платежу ...",
    "LOADING_CONFIGURATION"                 : "Завантаження конфігурації ...",
    "REMOVING_VAULT"                        : "Видалення збереженої інформації …",
    
    "PAY_NOW"                               : "СПЛАТИТИ",
    "CANCEL"                                : "СКАСУВАТИ",
    "OK"                                    : "OK",
    "THANK_YOU"                             : "Дякую!",
    "OOPS"                                  : "Примітка",
    "NOTHING_TO_PAY"                        : "Наразі<br/>нічого платити.",
    "PAYMENT_RECEIVED"                      : "Ваш платіж отримано.<br/>Приємного дня!",
    "NO_NETWORK"                            : "Відсутнє підключення до інтернету",
    "TRY_AGAIN_LATER"                       : "Виникла помилка.<br/>Повторіть спробу пізніше",
    
    "LABEL_PARKING_DURATION"                : "Тривалість паркування",
    "LABEL_AMOUNT_DUE"                      : "Вартість паркування",
    
    "FMT_DAYS"                              : "днів",
    "FMT_HOURS"                             : "год"
}
